Wall time,Step,Value
1574356375.7951527,308,0.6681523323059082
1574356787.2357743,616,0.7637763619422913
1574357198.6283894,924,0.8529173135757446
1574357610.2398412,1232,0.8727715015411377
1574358022.49017,1540,0.882901132106781
1574358434.7984767,1848,0.8403565883636475
1574358847.2571774,2156,0.9327390789985657
1574359258.4731374,2464,0.8999189734458923
1574359669.0605924,2772,0.914505660533905
1574360080.678867,3080,0.9230145812034607
1574360493.055985,3388,0.8743922114372253
1574360905.9014823,3696,0.9266612529754639
1574361320.4511569,4004,0.9481361508369446
1574361732.9110584,4312,0.9432739019393921
1574362144.7859254,4620,0.940032422542572
1574362557.685827,4928,0.9363857507705688
